{"cameraMode":{"drawMode":0,"name":"Shaded","section":"Shading Mode"},"sceneLighting":true,"audioPlay":false,"sceneViewState":{"m_AlwaysRefresh":false,"showFog":true,"showSkybox":true,"showFlares":true,"showImageEffects":true,"showParticleSystems":true,"showVisualEffectGraphs":true,"m_FxEnabled":true},"in2DMode":false,"pivot":{"x":22.40863800048828,"y":153.15591430664063,"z":-448.3661193847656},"rotation":{"x":0.005773341748863459,"y":-0.9900376796722412,"z":-0.13416023552417756,"w":-0.04249095544219017},"size":230.46588134765626,"orthographic":false}